USE cakeshop;

INSERT INTO `posts` VALUES (1, 'KOPER', 6000);
INSERT INTO `posts` VALUES (2, 'PTUJ', 2250);
INSERT INTO `posts` VALUES (3, 'KOZINA', 6240);
INSERT INTO `posts` VALUES (4, 'BITOLA', 7000);

INSERT INTO `users` 
VALUES (1, 'Sale', 'Man', '1000', 'salesman', '02a2e4d5c3b0eece95c5573144c3c5884984dc26', 'salesman', '2012-01-01', '2012-01-01', '','','','',NULL, TRUE);
INSERT INTO `users` VALUES (2, 'Admin', 'Man', '2000', 'admin', '77331e03b611712b5c0017a2f87f88550188d558', 'admin', '2012-01-01', '2012-01-01', '','','','',NULL, TRUE);
INSERT INTO `users` VALUES (3, 'Client', 'Best', '', 'client', 'ff269f8e9777f074c3465cba20154fa176e16e37', 'client', '2012-02-02 18:04:23', '2012-02-02 18:04:23','client@cakeshop.com','Soncni vrh 7','Kranj','060666666',0, TRUE);

INSERT INTO `items` VALUES ('1','Angel cake','Sponge cake, cream.','39','29','1');
INSERT INTO `items` VALUES ('2','Angel food cake','Vanilla and cream of tartar','57','28','1');
INSERT INTO `items` VALUES ('3','Apple cake','Apple','32','56','1');
INSERT INTO `items` VALUES ('4','Aranygaluska','Yeasty dough; vanilla custard','76','69','1');
INSERT INTO `items` VALUES ('5','Bakewell Tart','Almond, and raspberry jam; is often topped with icing. May be given additional ingredients, such as glace cherries in the case of cherry bakewells, lemon in the case of lemon bakewells or toffee in the case of toffee bakewells.','82','5','1');
INSERT INTO `items` VALUES ('6','Banana Cake/Bread','Banana, sometimes nuts and chocolate','66','47','1');
INSERT INTO `items` VALUES ('7','Banoffee pie','Bananas, toffee, biscuits','96','58','1');
INSERT INTO `items` VALUES ('8','Bara brith','Raisins, currants and candied peel','89','7','1');
INSERT INTO `items` VALUES ('9','Battenberg cake','Marzipan and apricot jam','94','99','1');
INSERT INTO `items` VALUES ('10','Baumkuchen','Varies','72','95','1');
INSERT INTO `items` VALUES ('11','Bebinca','Coconut milk, clarified butter, sugar, and flour','21','19','1');
INSERT INTO `items` VALUES ('12','Bienenstich (Bee Sting)','Honey, Custard Cream','26','65','1');
INSERT INTO `items` VALUES ('13','Birthday cake','Varies, usually chocolate or sponge','82','80','1');
INSERT INTO `items` VALUES ('14','Black Forest cake, often known as "Black Forest Gateau"','Cherries, Kirsch, and chocolate','83','50','1');
INSERT INTO `items` VALUES ('15','Buccellato','Honey, marsala, aniseed, and raisins','38','27','1');
INSERT INTO `items` VALUES ('16','Bundt cake','Varies, often chocolate','95','84','1');
INSERT INTO `items` VALUES ('17','Butter cake','Butter','40','79','1');
INSERT INTO `items` VALUES ('18','Butterfly cake','Varies','40','64','1');
INSERT INTO `items` VALUES ('19','Carrot cake','Carrots','94','56','1');
INSERT INTO `items` VALUES ('20','Cheesecake','Cream cheese','98','21','1');
INSERT INTO `items` VALUES ('21','Chiffon cake','Vegetable oil','59','23','1');
INSERT INTO `items` VALUES ('22','Chocolate cake','Chocolate','43','32','1');
INSERT INTO `items` VALUES ('23','Christmas cake','Dried fruit such as sultanas or raisins; cinnamon, treacle, cherries, and almond; is quite often topped with icing.','50','9','1');
INSERT INTO `items` VALUES ('24','Coffee cake','Cinnamon ','20','88','1');
INSERT INTO `items` VALUES ('25','Croquembouche','Caramel, almond, and chocolate','47','11','1');
INSERT INTO `items` VALUES ('26','Cupcake','Varies','77','4','1');
INSERT INTO `items` VALUES ('27','Dacquoise','Almonds, hazelnut, and chocolate','64','29','1');
INSERT INTO `items` VALUES ('28','Date and walnut loaf','Dates, walnuts, treacle, and tea','98','54','1');
INSERT INTO `items` VALUES ('29','Date square','Also known as Matrimonial Cake, is a layer of minced dates with oat crumble','55','46','1');
INSERT INTO `items` VALUES ('30','Depression cake','Made without milk, sugar, butter, or eggs','93','43','1');
INSERT INTO `items` VALUES ('31','Devils food cake','Chocolate and/or cocoa, and baking soda','46','92','1');
INSERT INTO `items` VALUES ('32','Dobos cake','Spongecake layered with chocolate buttercream and topped with thin caramel slices','94','22','1');
INSERT INTO `items` VALUES ('33','Dundee Cake','Fruit cake with almonds on it','33','59','1');
INSERT INTO `items` VALUES ('34','Eccles cake','Currants','36','60','1');
INSERT INTO `items` VALUES ('35','Esterhazy torte','chocolate buttercream, sponge cake','79','94','1');
INSERT INTO `items` VALUES ('36','Fat Rascal','Dried fruit, peel, oats','63','65','1');
INSERT INTO `items` VALUES ('37','Over Mura river moving Cake','apples, roisines, milk, flour','63','65','1');
INSERT INTO `items` VALUES ('38','Flourless Chocolate Cake','Chocolate','68','16','1');
INSERT INTO `items` VALUES ('39','French Fancy','Fondant, cream','72','60','1');
INSERT INTO `items` VALUES ('40','Frog cake','Cream, icing','42','52','1');
INSERT INTO `items` VALUES ('41','Fruitcake','Candied fruit','28','84','1');
INSERT INTO `items` VALUES ('42','Génoise Cake','Whole egg','32','77','1');
INSERT INTO `items` VALUES ('43','Gingerbread','Ginger','62','93','1');
INSERT INTO `items` VALUES ('44','Gooey butter cake','Butter','99','13','1');
INSERT INTO `items` VALUES ('45','Hot milk cake','Milk, and mocha','45','87','1');
INSERT INTO `items` VALUES ('46','Ice cream cake','Ice cream','80','40','1');
INSERT INTO `items` VALUES ('47','Jaffa Cakes','Orange juice','38','58','1');
INSERT INTO `items` VALUES ('48','Kendal Mint Cake','Peppermint','100','17','1');
INSERT INTO `items` VALUES ('49','Kladdkaka','Chocolate','43','82','1');
INSERT INTO `items` VALUES ('50','Kouign-amann','Butter','23','10','1');
INSERT INTO `items` VALUES ('51','Lamington','chocolate icing, and desiccated coconut','38','20','1');
INSERT INTO `items` VALUES ('52','Lemon cake','Lemon','46','36','1');
INSERT INTO `items` VALUES ('53','Madeira cake','Butter and sugar','72','88','1');
INSERT INTO `items` VALUES ('54','Mantecada','Eggs, flour, sugar and butter (cow fat in the Mantecadas de Astorga; corn flour in Colombia)','64','86','1');
INSERT INTO `items` VALUES ('55','Marble cake','Mixture of flavours including vanilla, coffee, and/or chocolate','24','18','1');
INSERT INTO `items` VALUES ('56','Melktert (Milk tart)','High volume of milk, with flour, sugar and eggs.','59','93','1');
INSERT INTO `items` VALUES ('57','Mille-feuille','Also known as a Napoleon, is three layers of puff pastry alternating with two layers of pastry cream. The top is glazed in white (icing) and brown (chocolate) strips, and combed.','65','15','1');
INSERT INTO `items` VALUES ('58','Molten chocolate cake','Chocolate.','87','14','1');
INSERT INTO `items` VALUES ('59','Mooncake','Lotus seed paste, and salted duck egg','40','43','1');
INSERT INTO `items` VALUES ('60','Muffin','Varies','41','47','1');
INSERT INTO `items` VALUES ('61','Opera cake','Ganache, spongecake, and coffee syrup','84','70','1');
INSERT INTO `items` VALUES ('62','Orange and polenta cake','Oranges and polenta','33','3','1');
INSERT INTO `items` VALUES ('63','Panettone','Raisins, orange peel, and lemon peel','43','68','1');
INSERT INTO `items` VALUES ('64','Parkin','Treacle and oats','48','23','1');
INSERT INTO `items` VALUES ('65','Pavlova','Egg white and sugar (meringue)','63','28','1');
INSERT INTO `items` VALUES ('66','Petits fours','Butter cream','67','77','1');
INSERT INTO `items` VALUES ('67','Pineapple Upside Down Cake','Pineapple','22','33','1');
INSERT INTO `items` VALUES ('68','Pontefract Cakes','Liquorice','23','16','1');
INSERT INTO `items` VALUES ('69','Pound cake','Butter, sugar','38','41','1');
INSERT INTO `items` VALUES ('70','Prinsesstårta','Alternating layers of sponge cake and whipped cream, a layer of berry jam and a layer of custard, all topped with a layer of (green) marzipan.','38','67','1');
INSERT INTO `items` VALUES ('71','Prinzregententorte','Sponge cake, buttercream and dark chocolate glaze','46','47','1');
INSERT INTO `items` VALUES ('72','Pumpkin bread','Pumpkin, sometimes chocolate','69','64','1');
INSERT INTO `items` VALUES ('73','Punschkrapfen','Cake crumbs, nougat chocolate, apricot jam, and rum','40','94','1');
INSERT INTO `items` VALUES ('74','Queen Elisabeth cake','Coconut, dates','82','29','1');
INSERT INTO `items` VALUES ('75','Red bean cake','Azuki bean and red bean paste','32','82','1');
INSERT INTO `items` VALUES ('76','Kremschnitte','Krem, schint, tee','76','41','1');
INSERT INTO `items` VALUES ('77','Red velvet cake','red colouring and cocoa','33','43','1');
INSERT INTO `items` VALUES ('78','Rum cake','Rum, dried fruit','84','48','1');
INSERT INTO `items` VALUES ('79','Ruske Kape','Chocolate, and coconut','63','71','1');
INSERT INTO `items` VALUES ('80','Sachertorte','Apricot, and cream','78','94','1');
INSERT INTO `items` VALUES ('81','Salzburger Nockerl','Egg yolk, flour and milk','49','26','1');
INSERT INTO `items` VALUES ('82','Simnel cake','Marzipan and dried fruit','76','88','1');
INSERT INTO `items` VALUES ('83','Soufflé','Cream sauce or purée with beaten egg whites','25','13','1');
INSERT INTO `items` VALUES ('84','Spice cake','Predominant flavorings include spices such as cinnamon, cloves, allspice, ginger and/or mace','27','90','1');
INSERT INTO `items` VALUES ('85','Sponge cake','Flour, sugar and eggs.','48','6','1');
INSERT INTO `items` VALUES ('86','St. Honoré Cake','Caramel and Chiboust cream','92','76','1');
INSERT INTO `items` VALUES ('87','Stack cake','Varies','34','93','1');
INSERT INTO `items` VALUES ('88','Streuselkuchen','Streusel (butter, flour and sugar)','85','72','1');
INSERT INTO `items` VALUES ('89','Sultana and cherry cake','Sultanas and glace cherries','66','26','1');
INSERT INTO `items` VALUES ('90','Suncake','Taiwan Flaky pastry','80','98','1');
INSERT INTO `items` VALUES ('91','Swiss roll','Jam','67','34','1');
INSERT INTO `items` VALUES ('92','Tarte Tatin','Apple','93','4','1');
INSERT INTO `items` VALUES ('93','Tea loaf','Currants, sultanas and tea','88','11','1');
INSERT INTO `items` VALUES ('94','Teacake','Currants and sultanas','79','21','1');
INSERT INTO `items` VALUES ('95','Tiramisu','Savoiardi and espresso','92','56','1');
INSERT INTO `items` VALUES ('96','Tompouce','Cream, icing','90','45','1');
INSERT INTO `items` VALUES ('97','Torta Tre Monti','Hazelnuts','39','63','1');
INSERT INTO `items` VALUES ('98','Tres Leches Cake','Evaporated milk, condensed milk, and heavy cream or sour cream','24','44','1');
INSERT INTO `items` VALUES ('99','Tunis Cake','Chocolate and marzipan','46','1','1');
INSERT INTO `items` VALUES ('100','Upside-down cake','Varies','45','76','1');
INSERT INTO `items` VALUES ('101','Wedding cake','Varies','43','54','1');
INSERT INTO `items` VALUES ('102','Welsh cake','Currants','87','86','1');
INSERT INTO `items` VALUES ('103','Whoopie pies','Cocoa, vanilla','45','76','1');
INSERT INTO `items` VALUES ('104','Yōkan','Red bean paste','42','32','1');

INSERT INTO `images` VALUES ('1','1','1','http://upload.wikimedia.org/wikipedia/commons/f/f9/Angel_cake_slice.jpg');
INSERT INTO `images` VALUES ('2','2','1','http://upload.wikimedia.org/wikipedia/commons/6/64/AngelFoodCake.jpg');
INSERT INTO `images` VALUES ('3','3','1','http://upload.wikimedia.org/wikipedia/commons/7/7e/Hollandse_appeltaart.jpg');
INSERT INTO `images` VALUES ('4','4','1',NULL);
INSERT INTO `images` VALUES ('5','5','1','http://upload.wikimedia.org/wikipedia/commons/f/fa/BakewellCake.jpg');
INSERT INTO `images` VALUES ('6','6','1','http://upload.wikimedia.org/wikipedia/commons/7/7e/Banananutbread.jpg');
INSERT INTO `images` VALUES ('7','7','1','http://upload.wikimedia.org/wikipedia/commons/a/ac/Banoffeepie.jpg');
INSERT INTO `images` VALUES ('8','8','1','http://upload.wikimedia.org/wikipedia/commons/3/32/Bara_Brith.jpg');
INSERT INTO `images` VALUES ('9','9','1','http://upload.wikimedia.org/wikipedia/commons/4/4c/Lyons_battenberg_cake.jpg');
INSERT INTO `images` VALUES ('10','10','1','http://upload.wikimedia.org/wikipedia/commons/8/80/Baumkuchen.jpg');
INSERT INTO `images` VALUES ('11','11','1','http://upload.wikimedia.org/wikipedia/commons/3/31/Bebinca_com_gelado.jpg');
INSERT INTO `images` VALUES ('12','12','1','http://upload.wikimedia.org/wikipedia/commons/6/68/Bienenstich.jpg');
INSERT INTO `images` VALUES ('13','13','1','http://upload.wikimedia.org/wikipedia/commons/4/4f/Birthday_cake.jpg');
INSERT INTO `images` VALUES ('14','14','1','http://upload.wikimedia.org/wikipedia/commons/0/08/Kirschtorte.jpg');
INSERT INTO `images` VALUES ('15','15','1','http://upload.wikimedia.org/wikipedia/commons/d/d1/Buccellato_1.jpg');
INSERT INTO `images` VALUES ('16','16','1','http://upload.wikimedia.org/wikipedia/commons/b/b1/BundtCake.JPG');
INSERT INTO `images` VALUES ('17','17','1','http://upload.wikimedia.org/wikipedia/commons/e/ef/Hazelnut_brown_butter_cake.jpg');
INSERT INTO `images` VALUES ('18','18','1','http://upload.wikimedia.org/wikipedia/commons/1/1d/Plain_butterfly_cake.jpg');
INSERT INTO `images` VALUES ('19','19','1','http://upload.wikimedia.org/wikipedia/commons/2/25/Carrot_cake.jpg');
INSERT INTO `images` VALUES ('20','20','1','http://upload.wikimedia.org/wikipedia/commons/f/f2/K%C3%A4sekuchen.JPG');
INSERT INTO `images` VALUES ('21','21','1','http://upload.wikimedia.org/wikipedia/commons/7/7c/Chiffon_cake_02.jpg');
INSERT INTO `images` VALUES ('22','22','1','http://upload.wikimedia.org/wikipedia/commons/0/06/Chocolate_cake_with_chocolate_frosting_topped_with_chocolate.jpg');
INSERT INTO `images` VALUES ('23','23','1','http://upload.wikimedia.org/wikipedia/commons/3/3d/Christmas_cake%2C_Boxing_Day_2008.jpg');
INSERT INTO `images` VALUES ('24','24','1','http://upload.wikimedia.org/wikipedia/commons/9/9b/Walnut_cinnamon_coffee_cake.jpg');
INSERT INTO `images` VALUES ('25','25','1',NULL);
INSERT INTO `images` VALUES ('26','26','1','http://upload.wikimedia.org/wikipedia/commons/5/56/Chocolate_cupcakes.jpg');
INSERT INTO `images` VALUES ('27','27','1','http://upload.wikimedia.org/wikipedia/commons/4/4b/Eggnog_mousse_cake_with_almond_dacquoise.jpg');
INSERT INTO `images` VALUES ('28','28','1','http://upload.wikimedia.org/wikipedia/commons/c/ce/Date_and_walnut_bread.jpg');
INSERT INTO `images` VALUES ('29','29','1','http://upload.wikimedia.org/wikipedia/commons/3/3d/Date_squares.jpg');
INSERT INTO `images` VALUES ('30','30','1',NULL);
INSERT INTO `images` VALUES ('31','31','1','http://upload.wikimedia.org/wikipedia/commons/f/f9/Devil%27s_Food_Cake.jpg');
INSERT INTO `images` VALUES ('32','32','1','http://upload.wikimedia.org/wikipedia/commons/3/3f/Dobos_cake_%28Gerbeaud_Confectionery_Budapest_Hungary%29.jpg');
INSERT INTO `images` VALUES ('33','33','1',NULL);
INSERT INTO `images` VALUES ('34','34','1','http://upload.wikimedia.org/wikipedia/commons/5/5a/Eccles_cake.jpg');
INSERT INTO `images` VALUES ('35','35','1','http://upload.wikimedia.org/wikipedia/commons/e/e1/Eszterh%C3%A1zy_Torte.JPG');
INSERT INTO `images` VALUES ('36','36','1','http://upload.wikimedia.org/wikipedia/commons/8/82/Fat_Rascal_cookies.jpg');
INSERT INTO `images` VALUES ('37','37','1',NULL);
INSERT INTO `images` VALUES ('38','38','1','http://upload.wikimedia.org/wikipedia/commons/e/e6/Flourless_Chocolate_Cake_with_Bourbon_Vanilla_Ice_Cream.jpg');
INSERT INTO `images` VALUES ('39','39','1','http://upload.wikimedia.org/wikipedia/commons/f/fd/White_Mr_Kipling_French_fancy_cake_%2882524785%29.jpg');
INSERT INTO `images` VALUES ('40','40','1','http://upload.wikimedia.org/wikipedia/commons/4/46/Frog_cakes.jpg');
INSERT INTO `images` VALUES ('41','41','1','http://upload.wikimedia.org/wikipedia/commons/b/b2/Traditional_fruitcake.jpg');
INSERT INTO `images` VALUES ('42','42','1','http://upload.wikimedia.org/wikipedia/commons/f/f8/G%C3%A9noise_cake_with_buttercream_frosting.jpg');
INSERT INTO `images` VALUES ('43','43','1','http://upload.wikimedia.org/wikipedia/commons/5/5a/Cakegingerbread.jpg');
INSERT INTO `images` VALUES ('44','44','1','http://upload.wikimedia.org/wikipedia/commons/e/ed/Gooey_Pumpkin_Butter_Cake.jpg');
INSERT INTO `images` VALUES ('45','45','1',NULL);
INSERT INTO `images` VALUES ('46','46','1','http://upload.wikimedia.org/wikipedia/en/2/23/Three_inch_ice_cream_cake_with_fruit_from_Singapore.jpg');
INSERT INTO `images` VALUES ('47','47','1','http://upload.wikimedia.org/wikipedia/commons/f/fc/Jaffa_cake.jpg');
INSERT INTO `images` VALUES ('48','48','1','http://upload.wikimedia.org/wikipedia/commons/0/02/Kendal_mint_cake_modified.jpg');
INSERT INTO `images` VALUES ('49','49','1','http://upload.wikimedia.org/wikipedia/commons/1/13/Kaffereptarta.jpg');
INSERT INTO `images` VALUES ('50','50','1','http://upload.wikimedia.org/wikipedia/commons/8/85/Kouignamann.JPG');
INSERT INTO `images` VALUES ('51','51','1','http://upload.wikimedia.org/wikipedia/commons/2/27/Lamington.png');
INSERT INTO `images` VALUES ('52','52','1',NULL);
INSERT INTO `images` VALUES ('53','53','1','http://upload.wikimedia.org/wikipedia/commons/4/40/Cherry_madeira_cake.jpg');
INSERT INTO `images` VALUES ('54','54','1','http://upload.wikimedia.org/wikipedia/commons/0/06/Mantecadas_de_Tuesta-Valdegov%C3%ADa8.JPG');
INSERT INTO `images` VALUES ('55','55','1','http://upload.wikimedia.org/wikipedia/commons/a/a0/Marmorkuchen.jpg');
INSERT INTO `images` VALUES ('56','56','1',NULL);
INSERT INTO `images` VALUES ('57','57','1','http://upload.wikimedia.org/wikipedia/commons/4/44/Mille-feuille_fran%C3%A7ais_1.jpg');
INSERT INTO `images` VALUES ('58','58','1','http://upload.wikimedia.org/wikipedia/commons/6/6b/Chocolate_Fondant.jpg');
INSERT INTO `images` VALUES ('59','59','1','http://upload.wikimedia.org/wikipedia/commons/1/19/Mooncake1.jpg');
INSERT INTO `images` VALUES ('60','60','1','http://upload.wikimedia.org/wikipedia/commons/6/6c/Muffins_in_oven.jpg');
INSERT INTO `images` VALUES ('61','61','1','http://upload.wikimedia.org/wikipedia/commons/9/95/Opera_BD.jpg');
INSERT INTO `images` VALUES ('62','62','1',NULL);
INSERT INTO `images` VALUES ('63','63','1','http://upload.wikimedia.org/wikipedia/commons/8/8d/Panettone.jpg');
INSERT INTO `images` VALUES ('64','64','1','http://upload.wikimedia.org/wikipedia/commons/a/aa/Darkparkin.JPG');
INSERT INTO `images` VALUES ('65','65','1','http://upload.wikimedia.org/wikipedia/commons/b/bd/Christmas_pavlova.jpg');
INSERT INTO `images` VALUES ('66','66','1',NULL);
INSERT INTO `images` VALUES ('67','67','1','http://upload.wikimedia.org/wikipedia/commons/8/88/Pineapple_upsidedown_cake_9.jpg');
INSERT INTO `images` VALUES ('68','68','1','http://upload.wikimedia.org/wikipedia/commons/a/aa/PontefractCakes.jpg');
INSERT INTO `images` VALUES ('69','69','1','http://upload.wikimedia.org/wikipedia/commons/0/04/Pound_layer_cake.jpg');
INSERT INTO `images` VALUES ('70','70','1','http://upload.wikimedia.org/wikipedia/commons/f/fb/Prinsesst%C3%A5rta.JPG');
INSERT INTO `images` VALUES ('71','71','1','http://upload.wikimedia.org/wikipedia/commons/0/06/Prinzregententorte.jpg');
INSERT INTO `images` VALUES ('72','72','1','http://upload.wikimedia.org/wikipedia/commons/d/db/Pumpkin_bread.jpg');
INSERT INTO `images` VALUES ('73','73','1','http://upload.wikimedia.org/wikipedia/commons/a/a2/Image-Punschkrapfen.jpg');
INSERT INTO `images` VALUES ('74','74','1',NULL);
INSERT INTO `images` VALUES ('75','75','1','http://upload.wikimedia.org/wikipedia/commons/4/46/RedbeanCake_Cantoversion.jpg');
INSERT INTO `images` VALUES ('76','76','1',NULL);
INSERT INTO `images` VALUES ('77','77','1','http://upload.wikimedia.org/wikipedia/commons/1/13/Red_velvet_cake_slice.jpg');
INSERT INTO `images` VALUES ('78','78','1',NULL);
INSERT INTO `images` VALUES ('79','79','1','http://upload.wikimedia.org/wikipedia/en/0/03/RuskeKapa.jpg');
INSERT INTO `images` VALUES ('80','80','1','http://upload.wikimedia.org/wikipedia/commons/1/14/Sachertorte_DSC03027_retouched.jpg');
INSERT INTO `images` VALUES ('81','81','1','http://upload.wikimedia.org/wikipedia/commons/0/0f/Salzburger_Nockerln_04_gastronomie_001.jpg');
INSERT INTO `images` VALUES ('82','82','1','http://upload.wikimedia.org/wikipedia/commons/a/ac/Simnel_cake_1.jpg');
INSERT INTO `images` VALUES ('83','83','1','http://upload.wikimedia.org/wikipedia/commons/8/87/Choco_souffle.jpg');
INSERT INTO `images` VALUES ('84','84','1','http://upload.wikimedia.org/wikipedia/commons/8/8c/Spice_Cake_with_sea_foam_frosting.jpg');
INSERT INTO `images` VALUES ('85','85','1','http://upload.wikimedia.org/wikipedia/commons/5/5c/Sponge_cake.jpg');
INSERT INTO `images` VALUES ('86','86','1',NULL);
INSERT INTO `images` VALUES ('87','87','1','http://upload.wikimedia.org/wikipedia/commons/7/7c/Apple_Stack_Cake.jpg');
INSERT INTO `images` VALUES ('88','88','1','http://upload.wikimedia.org/wikipedia/commons/b/b2/Streuselkuchen7.jpg');
INSERT INTO `images` VALUES ('89','89','1',NULL);
INSERT INTO `images` VALUES ('90','90','1','http://upload.wikimedia.org/wikipedia/commons/0/05/Taichung_Sun_Cake.JPG');
INSERT INTO `images` VALUES ('91','91','1','http://upload.wikimedia.org/wikipedia/commons/c/c2/Swiss_roll.jpg');
INSERT INTO `images` VALUES ('92','92','1','http://upload.wikimedia.org/wikipedia/commons/e/e0/Tarte_tatin.jpg');
INSERT INTO `images` VALUES ('93','93','1',NULL);
INSERT INTO `images` VALUES ('94','94','1',NULL);
INSERT INTO `images` VALUES ('95','95','1','http://upload.wikimedia.org/wikipedia/commons/5/5c/Tiramisu_Fanes.jpg');
INSERT INTO `images` VALUES ('96','96','1','http://upload.wikimedia.org/wikipedia/commons/c/c0/Tom_Pouce_Dutch_pastry.JPG');
INSERT INTO `images` VALUES ('97','97','1',NULL);
INSERT INTO `images` VALUES ('98','98','1','http://upload.wikimedia.org/wikipedia/commons/7/75/Tres_Leches.jpg');
INSERT INTO `images` VALUES ('99','99','1',NULL);
INSERT INTO `images` VALUES ('100','100','1','http://upload.wikimedia.org/wikipedia/commons/1/12/Pineapple-upside-down-cake.jpg');
INSERT INTO `images` VALUES ('101','101','1','http://upload.wikimedia.org/wikipedia/en/4/47/Whitweddingcake.jpg');
INSERT INTO `images` VALUES ('102','102','1','http://upload.wikimedia.org/wikipedia/commons/2/29/Wesh_cakes.jpg');
INSERT INTO `images` VALUES ('103','103','1','http://upload.wikimedia.org/wikipedia/commons/4/4f/Whoopiepies1.jpg');
INSERT INTO `images` VALUES ('104','104','1','http://upload.wikimedia.org/wikipedia/commons/4/44/Youkan_mizuyoukan.jpg');

INSERT INTO `orders` (`id`, `user_id`, `date`, `state`) VALUES ('1','3','2012-01-01 12:00:00','ODDANO');
INSERT INTO `orders` (`id`, `user_id`, `date`, `state`) VALUES ('2','3','2012-01-02 12:00:00','PREKLICANO');
INSERT INTO `orders` (`id`, `user_id`, `date`, `state`) VALUES ('3','3','2012-01-03 12:00:00','ZAVRNJENO');
INSERT INTO `orders` (`id`, `user_id`, `date`, `state`) VALUES ('4','3','2012-01-04 12:00:00','V OBDELAVI');
INSERT INTO `orders` (`id`, `user_id`, `date`, `state`) VALUES ('5','3','2012-01-04 12:00:00','POSLANO');

INSERT INTO `items_orders` (`id`, `order_id`, `item_id`, `quantity`) VALUES ('1', '1', '40', '2');
INSERT INTO `items_orders` (`id`, `order_id`, `item_id`, `quantity`) VALUES ('2', '2', '23', '6');
INSERT INTO `items_orders` (`id`, `order_id`, `item_id`, `quantity`) VALUES ('3', '3', '12', '27');
INSERT INTO `items_orders` (`id`, `order_id`, `item_id`, `quantity`) VALUES ('4', '4', '6', '23');
INSERT INTO `items_orders` (`id`, `order_id`, `item_id`, `quantity`) VALUES ('5', '5', '3', '19');
INSERT INTO `items_orders` (`id`, `order_id`, `item_id`, `quantity`) VALUES ('6', '5', '5', '2');
